{
    "loss": 0.025231879204511642,
    "accuracy": 0.9883720874786377
}